Throughput,Total Time
0.7391304347826086,3.5000000000000004E-5
0.8571428571428571,2.3277777777777778E-5
